code,system
U60A100,readv2
8B2S.00,readv2
8B2T.00,readv2
8B23.13,readv2
1T0..00,readv2
1V65.00,readv2
1TD2.00,readv2
1T8..00,readv2
13c8.00,readv2
1V01.00,readv2
E259400,readv2
1T32.00,readv2
1V02.00,readv2
1T93.00,readv2
1T63.00,readv2
9k5..00,readv2
1T4..00,readv2
1TD1.00,readv2
1T22.00,readv2
1TC..00,readv2
1T21.00,readv2
1TC3.00,readv2
1T81.00,readv2
1T01.00,readv2
9HC5.00,readv2
8IE7.00,readv2
1T1..00,readv2
1T6..00,readv2
1T91.00,readv2
1T50.00,readv2
1T83.00,readv2
1T92.00,readv2
13cB.00,readv2
1V2..00,readv2
1T73.00,readv2
1T10.00,readv2
1T13.00,readv2
1T61.00,readv2
1T40.00,readv2
1TD3.00,readv2
13cH.00,readv2
1T7..00,readv2
1V26.00,readv2
13c5.00,readv2
9HC6.00,readv2
1V22.00,readv2
8Hh1.00,readv2
1T41.00,readv2
9k53.00,readv2
1T62.00,readv2
1T43.00,readv2
13r4.00,readv2
9HC4.00,readv2
1T00.00,readv2
13cF.00,readv2
1V66.00,readv2
1V0..00,readv2
1T3..00,readv2
1T...00,readv2
1T9..00,readv2
1T11.00,readv2
9HC..00,readv2
1T31.00,readv2
1T52.00,readv2
1T51.00,readv2
67H3.00,readv2
1T23.00,readv2
1T53.00,readv2
1V0E.00,readv2
1TC0.00,readv2
9k52.00,readv2
1T2..00,readv2
1TD0.00,readv2
1T12.00,readv2
1T80.00,readv2
1TA..00,readv2
13cM.00,readv2
1T02.00,readv2
9NdN.00,readv2
9kS..00,readv2
1T82.00,readv2
9K4..00,readv2
13c6.00,readv2
8Hq..00,readv2
1T03.00,readv2
1T33.00,readv2
1T60.00,readv2
9k50.00,readv2
1T42.00,readv2
E25z.00,readv2
1T20.00,readv2
8HkF.00,readv2
1T30.00,readv2
677T.00,readv2
1T90.00,readv2
1TD..00,readv2
1T5..00,readv2
8AA..00,readv2
E246z00,readv2
E246200,readv2
E246100,readv2
E246.00,readv2
E246300,readv2
Eu11211,readv2
E247.11,readv2
Eu12211,readv2
Eu16211,readv2
E248300,readv2
E252300,readv2
E240300,readv2
E255300,readv2
E243300,readv2
E25y300,readv2
13r3.00,readv2
U200z00,readv2
U406y00,readv2
E243200,readv2
E255200,readv2
E248200,readv2
E240200,readv2
E25y200,readv2
E252200,readv2
E240.00,readv2
E240z00,readv2
E241.16,readv2
Eu13211,readv2
1V...00,readv2
Eu16300,readv2
Eu11300,readv2
Eu11z00,readv2
Eu11100,readv2
Eu11.00,readv2
Eu11700,readv2
Eu11500,readv2
Eu16z00,readv2
Eu16100,readv2
Eu11y00,readv2
Eu16.00,readv2
Eu16200,readv2
Eu11200,readv2
Eu11400,readv2
E247300,readv2
E248000,readv2
E25y000,readv2
E247100,readv2
E247200,readv2
E252000,readv2
E240000,readv2
E247000,readv2
E247.00,readv2
E247z00,readv2
E243000,readv2
E255000,readv2
E246000,readv2
ZV11500,readv2
E02y400,readv2
ZV11400,readv2
E243.00,readv2
E252.00,readv2
E243z00,readv2
13cE.00,readv2
E252z00,readv2
8BAX.00,readv2
8I2N.00,readv2
8BAo.00,readv2
8BAW.00,readv2
E241.12,readv2
Eu55.15,readv2
E25y.12,readv2
E021z00,readv2
E021.00,readv2
E245200,readv2
E253100,readv2
E245000,readv2
E253z00,readv2
E245100,readv2
E245z00,readv2
E253000,readv2
E253.00,readv2
E245.00,readv2
E253300,readv2
E253200,readv2
E245300,readv2
L183z00,readv2
L183.00,readv2
E258.00,readv2
E258z00,readv2
E259.00,readv2
E259200,readv2
E259z00,readv2
E259100,readv2
E259000,readv2
E259300,readv2
E02y000,readv2
E252100,readv2
E25y100,readv2
E243100,readv2
E240100,readv2
E255100,readv2
E248100,readv2
1TB..00,readv2
1TB0.00,readv2
E021100,readv2
E249z00,readv2
E249200,readv2
E249300,readv2
E249100,readv2
E249.00,readv2
E249000,readv2
9k51.11,readv2
9k51.00,readv2
8BAc.00,readv2
1V23.00,readv2
E241.13,readv2
ZV6D700,readv2
Z416.00,readv2
E24..00,readv2
E24z.00,readv2
8H7x.00,readv2
E242z00,readv2
E242.00,readv2
E248.00,readv2
E248z00,readv2
E24A.00,readv2
9No5.00,readv2
9s...00,readv2
9HC3.00,readv2
9N1yJ00,readv2
9HC2.00,readv2
9N4i.00,readv2
E25yz00,readv2
E25y.00,readv2
E255z00,readv2
E255.00,readv2
E02y300,readv2
E021000,readv2
Eu11000,readv2
Eu16000,readv2
L183100,readv2
L183300,readv2
Eu55.00,readv2
ZRl..00,readv2
9k1..00,readv2
9k12.00,readv2
L183.11,readv2